id,name,type1,type2,rarity,hp,attack,defense,sp_atk,sp_def,speed
1,Bulbasaur,Grass,Poison,1,45,49,49,65,65,45
2,Ivysaur,Grass,Poison,2,60,62,63,80,80,60
3,Venusaur,Grass,Poison,4,80,82,83,100,100,80
4,Charmander,Fire,,1,39,52,43,60,50,65
5,Charmeleon,Fire,,2,58,64,58,80,65,80
6,Charizard,Fire,Flying,4,78,84,78,109,85,100
7,Squirtle,Water,,1,44,48,65,50,64,43
8,Wartortle,Water,,2,59,63,80,65,80,58
9,Blastoise,Water,,4,79,83,100,85,105,78
10,Caterpie,Bug,,1,45,30,35,20,20,45
11,Metapod,Bug,,1,50,20,55,25,25,30
12,Butterfree,Bug,Flying,1,60,45,50,90,80,70
13,Weedle,Bug,Poison,1,40,35,30,20,20,50
14,Kakuna,Bug,Poison,1,45,25,50,25,25,35
15,Beedrill,Bug,Poison,1,65,90,40,45,80,75
16,Pidgey,Normal,Flying,1,40,45,40,35,35,56
17,Pidgeotto,Normal,Flying,1,63,60,55,50,50,71
18,Pidgeot,Normal,Flying,3,83,80,75,70,70,101
19,Rattata,Normal,,1,30,56,35,25,35,72
20,Raticate,Normal,,2,55,81,60,50,70,97
21,Spearow,Normal,Flying,1,40,60,30,31,31,70
22,Fearow,Normal,Flying,2,65,90,65,61,61,100
23,Ekans,Poison,,1,35,60,44,40,54,55
24,Arbok,Poison,,2,60,95,69,65,79,80
25,Pikachu,Electric,,1,35,55,40,50,50,90
26,Raichu,Electric,,3,60,90,55,90,80,110
27,Sandshrew,Ground,,1,50,75,85,20,30,40
28,Sandslash,Ground,,3,75,100,110,45,55,65
30,Nidorina,Poison,,1,70,62,67,55,55,56
31,Nidoqueen,Poison,Ground,4,90,92,87,75,85,76
33,Nidorino,Poison,,1,61,72,57,55,55,65
34,Nidoking,Poison,Ground,4,81,102,77,85,75,85
35,Clefairy,Fairy,,1,70,45,48,60,65,35
36,Clefable,Fairy,,3,95,70,73,95,90,60
37,Vulpix,Fire,,1,38,41,40,50,65,65
38,Ninetales,Fire,,4,73,76,75,81,100,100
39,Jigglypuff,Normal,Fairy,1,115,45,20,45,25,20
40,Wigglytuff,Normal,Fairy,2,140,70,45,85,50,45
41,Zubat,Poison,Flying,1,40,45,35,30,40,55
42,Golbat,Poison,Flying,3,75,80,70,65,75,90
43,Oddish,Grass,Poison,1,45,50,55,75,65,30
44,Gloom,Grass,Poison,1,60,65,70,85,75,40
45,Vileplume,Grass,Poison,3,75,80,85,110,90,50
46,Paras,Bug,Grass,1,35,70,55,45,55,25
47,Parasect,Bug,Grass,2,60,95,80,60,80,30
48,Venonat,Bug,Poison,1,60,55,50,40,55,45
49,Venomoth,Bug,Poison,3,70,65,60,90,75,90
50,Diglett,Ground,,1,10,55,25,35,45,95
51,Dugtrio,Ground,,2,35,100,50,50,70,120
52,Meowth,Normal,,1,40,45,35,40,40,90
53,Persian,Normal,,2,65,70,60,65,65,115
54,Psyduck,Water,,1,50,52,48,65,50,55
55,Golduck,Water,,4,80,82,78,95,80,85
56,Mankey,Fighting,,1,40,80,35,35,45,70
57,Primeape,Fighting,,3,65,105,60,60,70,95
58,Growlithe,Fire,,1,55,70,45,70,50,60
59,Arcanine,Fire,,4,90,110,80,100,80,95
60,Poliwag,Water,,1,40,50,40,40,40,90
61,Poliwhirl,Water,,1,65,65,65,50,50,90
62,Poliwrath,Water,Fighting,4,90,95,95,70,90,70
63,Abra,Psychic,,1,25,20,15,105,55,90
64,Kadabra,Psychic,,2,40,35,30,120,70,105
65,Alakazam,Psychic,,4,55,50,45,135,95,120
66,Machop,Fighting,,1,70,80,50,35,35,35
67,Machoke,Fighting,,2,80,100,70,50,60,45
68,Machamp,Fighting,,4,90,130,80,65,85,55
69,Bellsprout,Grass,Poison,1,50,75,35,70,30,40
70,Weepinbell,Grass,Poison,1,65,90,50,85,45,55
71,Victreebel,Grass,Poison,3,80,105,65,100,70,70
72,Tentacool,Water,Poison,1,40,40,35,50,100,70
73,Tentacruel,Water,Poison,4,80,70,65,80,120,100
74,Geodude,Rock,Ground,1,40,80,100,30,30,20
75,Graveler,Rock,Ground,1,55,95,115,45,45,35
76,Golem,Rock,Ground,3,80,120,130,55,65,45
77,Ponyta,Fire,,2,50,85,55,65,65,90
78,Rapidash,Fire,,4,65,100,70,80,80,105
79,Slowpoke,Water,Psychic,1,90,65,65,40,40,15
80,Slowbro,Water,Psychic,3,95,75,110,100,80,30
81,Magnemite,Electric,Steel,1,25,35,70,95,55,45
82,Magneton,Electric,Steel,3,50,60,95,120,70,70
83,Farfetch'd,Normal,Flying,1,52,90,55,58,62,60
84,Doduo,Normal,Flying,1,35,85,45,35,35,75
85,Dodrio,Normal,Flying,3,60,110,70,60,60,110
86,Seel,Water,,1,65,45,55,45,70,45
87,Dewgong,Water,Ice,3,90,70,80,70,95,70
88,Grimer,Poison,,1,80,80,50,40,50,25
89,Muk,Poison,,4,105,105,75,65,100,50
90,Shellder,Water,,1,30,65,100,45,25,40
91,Cloyster,Water,Ice,4,50,95,180,85,45,70
92,Gastly,Ghost,Poison,1,30,35,30,100,35,80
93,Haunter,Ghost,Poison,2,45,50,45,115,55,95
94,Gengar,Ghost,Poison,4,60,65,60,130,75,110
95,Onix,Rock,Ground,1,35,45,160,30,45,70
96,Drowzee,Psychic,,1,60,48,45,43,90,42
97,Hypno,Psychic,,3,85,73,70,73,115,67
98,Krabby,Water,,1,30,105,90,25,25,50
99,Kingler,Water,,3,55,130,115,50,50,75
100,Voltorb,Electric,,1,40,30,50,55,55,100
101,Electrode,Electric,,3,60,50,70,80,80,150
102,Exeggcute,Grass,Psychic,1,60,40,80,60,45,40
103,Exeggutor,Grass,Psychic,4,95,95,85,125,75,55
104,Cubone,Ground,,1,50,50,95,40,50,35
105,Marowak,Ground,,2,60,80,110,50,80,45
106,Hitmonlee,Fighting,,3,50,120,53,35,110,87
107,Hitmonchan,Fighting,,3,50,105,79,35,110,76
108,Lickitung,Normal,,1,90,55,75,60,75,30
109,Koffing,Poison,,1,40,65,95,60,45,35
110,Weezing,Poison,,3,65,90,120,85,70,60
111,Rhyhorn,Ground,Rock,1,80,85,95,30,30,25
112,Rhydon,Ground,Rock,3,105,130,120,45,45,40
113,Chansey,Normal,,3,250,5,5,35,105,50
114,Tangela,Grass,,2,65,55,115,100,40,60
115,Kangaskhan,Normal,,3,105,95,80,40,80,90
116,Horsea,Water,,1,30,40,70,70,25,60
117,Seadra,Water,,2,55,65,95,95,45,85
118,Goldeen,Water,,1,45,67,60,35,50,63
119,Seaking,Water,,3,80,92,65,65,80,68
120,Staryu,Water,,1,30,45,55,70,55,85
121,Starmie,Water,Psychic,4,60,75,85,100,85,115
122,Mr. Mime,Psychic,Fairy,3,40,45,65,100,120,90
123,Scyther,Bug,Flying,4,70,110,80,55,80,105
124,Jynx,Ice,Psychic,3,65,50,35,115,95,95
125,Electabuzz,Electric,,3,65,83,57,95,85,105
126,Magmar,Fire,,3,65,95,57,100,85,93
127,Pinsir,Bug,,4,65,125,100,55,70,85
128,Tauros,Normal,,3,75,100,95,40,70,110
129,Magikarp,Water,,1,20,10,55,15,20,80
130,Gyarados,Water,Flying,4,95,125,79,60,100,81
131,Lapras,Water,Ice,4,130,85,80,85,95,60
132,Ditto,Normal,,1,48,48,48,48,48,48
133,Eevee,Normal,,1,55,55,50,45,65,55
134,Vaporeon,Water,,4,130,65,60,110,95,65
135,Jolteon,Electric,,4,65,65,60,110,95,130
136,Flareon,Fire,,4,65,130,60,95,110,65
137,Porygon,Normal,,1,65,60,70,85,75,40
138,Omanyte,Rock,Water,1,35,40,100,90,55,35
139,Omastar,Rock,Water,3,70,60,125,115,70,55
140,Kabuto,Rock,Water,1,30,80,90,55,45,55
141,Kabutops,Rock,Water,3,60,115,105,65,70,80
142,Aerodactyl,Rock,Flying,4,80,105,65,60,75,130
143,Snorlax,Normal,,4,160,110,65,65,110,30
144,Articuno,Ice,Flying,4,90,85,100,95,125,85
145,Zapdos,Electric,Flying,4,90,90,85,125,90,100
146,Moltres,Fire,Flying,4,90,100,90,125,85,90
147,Dratini,Dragon,,1,41,64,45,50,50,50
148,Dragonair,Dragon,,2,61,84,65,70,70,70
149,Dragonite,Dragon,Flying,5,91,134,95,100,100,80
150,Mewtwo,Psychic,,5,106,110,90,154,90,130
151,Mew,Psychic,,5,100,100,100,100,100,100
152,Chikorita,Grass,,1,45,49,65,49,65,45
153,Bayleef,Grass,,2,60,62,80,63,80,60
154,Meganium,Grass,,4,80,82,100,83,100,80
155,Cyndaquil,Fire,,1,39,52,43,60,50,65
156,Quilava,Fire,,2,58,64,58,80,65,80
157,Typhlosion,Fire,,4,78,84,78,109,85,100
158,Totodile,Water,,1,50,65,64,44,48,43
159,Croconaw,Water,,2,65,80,80,59,63,58
160,Feraligatr,Water,,4,85,105,100,79,83,78
161,Sentret,Normal,,1,35,46,34,35,45,20
162,Furret,Normal,,2,85,76,64,45,55,90
163,Hoothoot,Normal,Flying,1,60,30,30,36,56,50
164,Noctowl,Normal,Flying,3,100,50,50,86,96,70
165,Ledyba,Bug,Flying,1,40,20,30,40,80,55
166,Ledian,Bug,Flying,1,55,35,50,55,110,85
167,Spinarak,Bug,Poison,1,40,60,40,40,40,30
168,Ariados,Bug,Poison,2,70,90,70,60,70,40
169,Crobat,Poison,Flying,4,85,90,80,70,80,130
170,Chinchou,Water,Electric,1,75,38,38,56,56,67
171,Lanturn,Water,Electric,3,125,58,58,76,76,67
172,Pichu,Electric,,1,20,40,15,35,35,60
173,Cleffa,Fairy,,1,50,25,28,45,55,15
174,Igglybuff,Normal,Fairy,1,90,30,15,40,20,15
175,Togepi,Fairy,,1,35,20,65,40,65,20
176,Togetic,Fairy,Flying,2,55,40,85,80,105,40
177,Natu,Psychic,Flying,1,40,50,45,70,45,70
178,Xatu,Psychic,Flying,3,65,75,70,95,70,95
179,Mareep,Electric,,1,55,40,40,65,45,35
180,Flaaffy,Electric,,1,70,55,55,80,60,45
181,Ampharos,Electric,,4,90,75,85,115,90,55
182,Bellossom,Grass,,3,75,80,95,90,100,50
183,Marill,Water,Fairy,1,70,20,50,20,50,40
184,Azumarill,Water,Fairy,2,100,50,80,60,80,50
185,Sudowoodo,Rock,,2,70,100,115,30,65,30
186,Politoed,Water,,4,90,75,75,90,100,70
187,Hoppip,Grass,Flying,1,35,35,40,35,55,50
188,Skiploom,Grass,Flying,1,55,45,50,45,65,80
189,Jumpluff,Grass,Flying,3,75,55,70,55,95,110
190,Aipom,Normal,,1,55,70,55,40,55,85
191,Sunkern,Grass,,1,30,30,30,30,30,30
192,Sunflora,Grass,,2,75,75,55,105,85,30
193,Yanma,Bug,Flying,1,65,65,45,75,45,95
194,Wooper,Water,Ground,1,55,45,45,25,25,15
195,Quagsire,Water,Ground,2,95,85,85,65,65,35
196,Espeon,Psychic,,4,65,65,60,130,95,110
197,Umbreon,Dark,,4,95,65,110,60,130,65
198,Murkrow,Dark,Flying,2,60,85,42,85,42,91
199,Slowking,Water,Psychic,3,95,75,80,100,110,30
200,Misdreavus,Ghost,,2,60,60,60,85,85,85
202,Wobbuffet,Psychic,,2,190,33,58,33,58,33
203,Girafarig,Normal,Psychic,3,70,80,65,90,65,85
204,Pineco,Bug,,1,50,65,90,35,35,15
205,Forretress,Bug,Steel,3,75,90,140,60,60,40
206,Dunsparce,Normal,,2,100,70,70,65,65,45
207,Gligar,Ground,Flying,2,65,75,105,35,65,85
208,Steelix,Steel,Ground,4,75,85,200,55,65,30
209,Snubbull,Fairy,,1,60,80,50,40,40,30
210,Granbull,Fairy,,3,90,120,75,60,60,45
211,Qwilfish,Water,Poison,2,65,95,85,55,55,85
212,Scizor,Bug,Steel,4,70,130,100,55,80,65
213,Shuckle,Bug,Rock,4,20,10,230,10,230,5
214,Heracross,Bug,Fighting,4,80,125,75,40,95,85
215,Sneasel,Dark,Ice,2,55,95,55,35,75,115
216,Teddiursa,Normal,,1,60,80,50,50,50,40
217,Ursaring,Normal,,4,90,130,75,75,75,55
218,Slugma,Fire,,1,40,40,40,70,40,20
219,Magcargo,Fire,Rock,2,60,50,120,90,80,30
220,Swinub,Ice,Ground,1,50,50,40,30,30,50
221,Piloswine,Ice,Ground,3,100,100,80,60,60,50
222,Corsola,Water,Rock,2,65,55,95,65,95,35
223,Remoraid,Water,,1,35,65,35,65,35,65
224,Octillery,Water,,3,75,105,75,105,75,45
225,Delibird,Ice,Flying,1,45,55,45,65,45,75
226,Mantine,Water,Flying,3,85,40,70,80,140,70
227,Skarmory,Steel,Flying,3,65,80,140,40,70,70
228,Houndour,Dark,Fire,1,45,60,30,80,50,65
229,Houndoom,Dark,Fire,4,75,90,50,110,80,95
230,Kingdra,Water,Dragon,4,75,95,95,95,95,85
231,Phanpy,Ground,,1,90,60,60,40,40,40
232,Donphan,Ground,,4,90,120,120,60,60,50
233,Porygon2,Normal,,4,85,80,90,105,95,60
234,Stantler,Normal,,3,73,95,62,85,65,85
235,Smeargle,Normal,,1,55,20,35,20,45,75
236,Tyrogue,Fighting,,1,35,35,35,35,35,35
237,Hitmontop,Fighting,,3,50,95,95,35,110,70
238,Smoochum,Ice,Psychic,1,45,30,15,85,65,65
239,Elekid,Electric,,1,45,63,37,65,55,95
240,Magby,Fire,,1,45,75,37,70,55,83
241,Miltank,Normal,,3,95,80,105,40,70,100
242,Blissey,Normal,,4,255,10,10,75,135,55
243,Raikou,Electric,,4,90,85,75,115,100,115
244,Entei,Fire,,4,115,115,85,90,75,100
245,Suicune,Water,,4,100,75,115,90,115,85
246,Larvitar,Rock,Ground,1,50,64,50,45,50,41
247,Pupitar,Rock,Ground,2,70,84,70,65,70,51
248,Tyranitar,Rock,Dark,5,100,134,110,95,100,61
249,Lugia,Psychic,Flying,5,106,90,130,90,154,110
250,Ho-oh,Fire,Flying,5,106,130,90,110,154,90
251,Celebi,Psychic,Grass,5,100,100,100,100,100,100
252,Treecko,Grass,,1,40,45,35,65,55,70
253,Grovyle,Grass,,2,50,65,45,85,65,95
254,Sceptile,Grass,,4,70,85,65,105,85,120
255,Torchic,Fire,,1,45,60,40,70,50,45
256,Combusken,Fire,Fighting,2,60,85,60,85,60,55
257,Blaziken,Fire,Fighting,4,80,120,70,110,70,80
258,Mudkip,Water,,1,50,70,50,50,50,40
259,Marshtomp,Water,Ground,2,70,85,70,60,70,50
260,Swampert,Water,Ground,4,100,110,90,85,90,60
261,Poochyena,Dark,,1,35,55,35,30,30,35
262,Mightyena,Dark,,2,70,90,70,60,60,70
263,Zigzagoon,Normal,,1,38,30,41,30,41,60
264,Linoone,Normal,,2,78,70,61,50,61,100
265,Wurmple,Bug,,1,45,45,35,20,30,20
266,Silcoon,Bug,,1,50,35,55,25,25,15
267,Beautifly,Bug,Flying,1,60,70,50,100,50,65
268,Cascoon,Bug,,1,50,35,55,25,25,15
269,Dustox,Bug,Poison,1,60,50,70,50,90,65
270,Lotad,Water,Grass,1,40,30,30,40,50,30
271,Lombre,Water,Grass,1,60,50,50,60,70,50
272,Ludicolo,Water,Grass,3,80,70,70,90,100,70
273,Seedot,Grass,,1,40,40,50,30,30,30
274,Nuzleaf,Grass,Dark,1,70,70,40,60,40,60
275,Shiftry,Grass,Dark,3,90,100,60,90,60,80
276,Taillow,Normal,Flying,1,40,55,30,30,30,85
277,Swellow,Normal,Flying,3,60,85,60,75,50,125
278,Wingull,Water,Flying,1,40,30,30,55,30,85
279,Pelipper,Water,Flying,2,60,50,100,95,70,65
280,Ralts,Psychic,Fairy,1,28,25,25,45,35,40
281,Kirlia,Psychic,Fairy,1,38,35,35,65,55,50
282,Gardevoir,Psychic,Fairy,4,68,65,65,125,115,80
283,Surskit,Bug,Water,1,40,30,32,50,52,65
284,Masquerain,Bug,Flying,3,70,60,62,100,82,80
285,Shroomish,Grass,,1,60,40,60,40,60,35
286,Breloom,Grass,Fighting,3,60,130,80,60,60,70
287,Slakoth,Normal,,1,60,60,60,35,35,30
288,Vigoroth,Normal,,2,80,80,80,55,55,90
289,Slaking,Normal,,5,150,160,100,95,65,100
290,Nincada,Bug,Ground,1,31,45,90,30,30,40
291,Ninjask,Bug,Flying,3,61,90,45,50,50,160
292,Shedinja,Bug,Ghost,1,1,90,45,30,30,40
293,Whismur,Normal,,1,64,51,23,51,23,28
294,Loudred,Normal,,1,84,71,43,71,43,48
295,Exploud,Normal,,3,104,91,63,91,73,68
296,Makuhita,Fighting,,1,72,60,30,20,30,25
297,Hariyama,Fighting,,3,144,120,60,40,60,50
298,Azurill,Normal,Fairy,1,50,20,40,20,40,20
299,Nosepass,Rock,,1,30,45,135,45,90,30
300,Skitty,Normal,,1,50,45,45,35,35,50
301,Delcatty,Normal,,2,70,65,65,55,55,90
302,Sableye,Dark,Ghost,1,50,75,75,65,65,50
303,Mawile,Steel,Fairy,1,50,85,85,55,55,50
304,Aron,Steel,Rock,1,50,70,100,40,40,30
305,Lairon,Steel,Rock,2,60,90,140,50,50,40
306,Aggron,Steel,Rock,4,70,110,180,60,60,50
307,Meditite,Fighting,Psychic,1,30,40,55,40,55,60
308,Medicham,Fighting,Psychic,2,60,60,75,60,75,80
309,Electrike,Electric,,1,40,45,40,65,40,65
310,Manectric,Electric,,3,70,75,60,105,60,105
311,Plusle,Electric,,2,60,50,40,85,75,95
312,Minun,Electric,,2,60,40,50,75,85,95
313,Volbeat,Bug,,2,65,73,75,47,85,85
314,Illumise,Bug,,2,65,47,75,73,85,85
315,Roselia,Grass,Poison,2,50,60,45,100,80,65
316,Gulpin,Poison,,1,70,43,53,43,53,40
317,Swalot,Poison,,3,100,73,83,73,83,55
318,Carvanha,Water,Dark,1,45,90,20,65,20,65
319,Sharpedo,Water,Dark,3,70,120,40,95,40,95
320,Wailmer,Water,,2,130,70,35,70,35,60
321,Wailord,Water,,4,170,90,45,90,45,60
322,Numel,Fire,Ground,1,60,60,40,65,45,35
323,Camerupt,Fire,Ground,3,70,100,70,105,75,40
324,Torkoal,Fire,,3,70,85,140,85,70,20
325,Spoink,Psychic,,1,60,25,35,70,80,60
326,Grumpig,Psychic,,3,80,45,65,90,110,80
327,Spinda,Normal,,1,60,60,60,60,60,60
328,Trapinch,Ground,,1,45,100,45,45,45,10
329,Vibrava,Ground,Dragon,1,50,70,50,50,50,70
330,Flygon,Ground,Dragon,4,80,100,80,80,80,100
331,Cacnea,Grass,,1,50,85,40,85,40,35
332,Cacturne,Grass,Dark,3,70,115,60,115,60,55
333,Swablu,Normal,Flying,1,45,40,60,40,75,50
334,Altaria,Dragon,Flying,3,75,70,90,70,105,80
335,Zangoose,Normal,,3,73,115,60,60,60,90
336,Seviper,Poison,,3,73,100,60,100,60,65
337,Lunatone,Rock,Psychic,3,90,55,65,95,85,70
338,Solrock,Rock,Psychic,3,90,95,85,55,65,70
339,Barboach,Water,Ground,1,50,48,43,46,41,60
340,Whiscash,Water,Ground,3,110,78,73,76,71,60
341,Corphish,Water,,1,43,80,65,50,35,35
342,Crawdaunt,Water,Dark,3,63,120,85,90,55,55
343,Baltoy,Ground,Psychic,1,40,40,55,40,70,55
344,Claydol,Ground,Psychic,4,60,70,105,70,120,75
345,Lileep,Rock,Grass,1,66,41,77,61,87,23
346,Cradily,Rock,Grass,3,86,81,97,81,107,43
347,Anorith,Rock,Bug,1,45,95,50,40,50,75
348,Armaldo,Rock,Bug,3,75,125,100,70,80,45
349,Feebas,Water,,1,20,15,20,10,55,80
350,Milotic,Water,,4,95,60,79,100,125,81
351,Castform,Normal,,2,70,70,70,70,70,70
352,Kecleon,Normal,,2,60,90,70,60,120,40
353,Shuppet,Ghost,,1,44,75,35,63,33,45
354,Banette,Ghost,,3,64,115,65,83,63,65
355,Duskull,Ghost,,1,20,40,90,30,90,25
356,Dusclops,Ghost,,3,40,70,130,60,130,25
357,Tropius,Grass,Flying,3,99,68,83,72,87,51
358,Chimecho,Psychic,,3,75,50,80,95,90,65
359,Absol,Dark,,3,65,130,60,75,60,75
360,Wynaut,Psychic,,1,95,23,48,23,48,23
361,Snorunt,Ice,,1,50,50,50,50,50,50
362,Glalie,Ice,,3,80,80,80,80,80,80
363,Spheal,Ice,Water,1,70,40,50,55,50,25
364,Sealeo,Ice,Water,2,90,60,70,75,70,45
365,Walrein,Ice,Water,4,110,80,90,95,90,65
366,Clamperl,Water,,1,35,64,85,74,55,32
367,Huntail,Water,,3,55,104,105,94,75,52
368,Gorebyss,Water,,3,55,84,105,114,75,52
369,Relicanth,Water,Rock,3,100,90,130,45,65,55
370,Luvdisc,Water,,1,43,30,55,40,65,97
371,Bagon,Dragon,,1,45,75,60,40,30,50
372,Shelgon,Dragon,,2,65,95,100,60,50,50
373,Salamence,Dragon,Flying,5,95,135,80,110,80,100
374,Beldum,Steel,Psychic,1,40,55,80,35,60,30
375,Metang,Steel,Psychic,2,60,75,100,55,80,50
376,Metagross,Steel,Psychic,5,80,135,130,95,90,70
377,Regirock,Rock,,4,80,100,200,50,100,50
378,Regice,Ice,,4,80,50,100,100,200,50
379,Registeel,Steel,,4,80,75,150,75,150,50
380,Latias,Dragon,Psychic,5,80,80,90,110,130,110
381,Latios,Dragon,Psychic,5,80,90,80,130,110,110
382,Kyogre,Water,,5,100,100,90,150,140,90
383,Groudon,Ground,,5,100,150,140,100,90,90
384,Rayquaza,Dragon,Flying,5,105,150,90,150,90,95
385,Jirachi,Steel,Psychic,5,100,100,100,100,100,100
387,Turtwig,Grass,,1,55,68,64,45,55,31
388,Grotle,Grass,,2,75,89,85,55,65,36
389,Torterra,Grass,Ground,4,95,109,105,75,85,56
390,Chimchar,Fire,,1,44,58,44,58,44,61
391,Monferno,Fire,Fighting,2,64,78,52,78,52,81
392,Infernape,Fire,Fighting,4,76,104,71,104,71,108
393,Piplup,Water,,1,53,51,53,61,56,40
394,Prinplup,Water,,2,64,66,68,81,76,50
395,Empoleon,Water,Steel,4,84,86,88,111,101,60
396,Starly,Normal,Flying,1,40,55,30,30,30,60
397,Staravia,Normal,Flying,1,55,75,50,40,40,80
398,Staraptor,Normal,Flying,3,85,120,70,50,60,100
399,Bidoof,Normal,,1,59,45,40,35,40,31
400,Bibarel,Normal,Water,2,79,85,60,55,60,71
401,Kricketot,Bug,,1,37,25,41,25,41,25
402,Kricketune,Bug,,1,77,85,51,55,51,65
403,Shinx,Electric,,1,45,65,34,40,34,45
404,Luxio,Electric,,1,60,85,49,60,49,60
405,Luxray,Electric,,4,80,120,79,95,79,70
406,Budew,Grass,Poison,1,40,30,35,50,70,55
407,Roserade,Grass,Poison,4,60,70,65,125,105,90
408,Cranidos,Rock,,1,67,125,40,30,30,58
409,Rampardos,Rock,,3,97,165,60,65,50,58
410,Shieldon,Rock,Steel,1,30,42,118,42,88,30
411,Bastiodon,Rock,Steel,3,60,52,168,47,138,30
414,Mothim,Bug,Flying,2,70,94,50,94,50,66
415,Combee,Bug,Flying,1,30,30,42,30,42,70
416,Vespiquen,Bug,Flying,3,70,80,102,80,102,40
417,Pachirisu,Electric,,2,60,45,70,45,90,95
418,Buizel,Water,,1,55,65,35,60,30,85
419,Floatzel,Water,,3,85,105,55,85,50,115
420,Cherubi,Grass,,1,45,35,45,62,53,35
424,Ambipom,Normal,,3,75,100,66,60,66,115
425,Drifloon,Ghost,Flying,1,90,50,34,60,44,70
426,Drifblim,Ghost,Flying,3,150,80,44,90,54,80
427,Buneary,Normal,,1,55,66,44,44,56,85
428,Lopunny,Normal,,3,65,76,84,54,96,105
429,Mismagius,Ghost,,3,60,60,60,105,105,105
430,Honchkrow,Dark,Flying,4,100,125,52,105,52,71
431,Glameow,Normal,,1,49,55,42,42,37,85
432,Purugly,Normal,,3,71,82,64,64,59,112
433,Chingling,Psychic,,1,45,30,50,65,50,45
434,Stunky,Poison,Dark,1,63,63,47,41,41,74
435,Skuntank,Poison,Dark,3,103,93,67,71,61,84
436,Bronzor,Steel,Psychic,1,57,24,86,24,86,23
437,Bronzong,Steel,Psychic,4,67,89,116,79,116,33
438,Bonsly,Rock,,1,50,80,95,10,45,10
439,Mime Jr.,Psychic,Fairy,1,20,25,45,70,90,60
440,Happiny,Normal,,1,100,5,5,15,65,30
441,Chatot,Normal,Flying,2,76,65,45,92,42,91
442,Spiritomb,Ghost,Dark,3,50,92,108,92,108,35
443,Gible,Dragon,Ground,1,58,70,45,40,45,42
444,Gabite,Dragon,Ground,2,68,90,65,50,55,82
445,Garchomp,Dragon,Ground,5,108,130,95,80,85,102
446,Munchlax,Normal,,1,135,85,40,40,85,5
447,Riolu,Fighting,,1,40,70,40,35,40,60
448,Lucario,Fighting,Steel,4,70,110,70,115,70,90
449,Hippopotas,Ground,,1,68,72,78,38,42,32
450,Hippowdon,Ground,,4,108,112,118,68,72,47
451,Skorupi,Poison,Bug,1,40,50,90,30,55,65
452,Drapion,Poison,Dark,4,70,90,110,60,75,95
453,Croagunk,Poison,Fighting,1,48,61,40,61,40,50
454,Toxicroak,Poison,Fighting,3,83,106,65,86,65,85
455,Carnivine,Grass,,3,74,100,72,90,72,46
456,Finneon,Water,,1,49,49,56,49,61,66
457,Lumineon,Water,,3,69,69,76,69,86,91
458,Mantyke,Water,Flying,1,45,20,50,60,120,50
459,Snover,Grass,Ice,1,60,62,50,62,60,40
460,Abomasnow,Grass,Ice,3,90,92,75,92,85,60
461,Weavile,Dark,Ice,4,70,120,65,45,85,125
462,Magnezone,Electric,Steel,4,70,70,115,130,90,60
463,Lickilicky,Normal,,4,110,85,95,80,95,50
464,Rhyperior,Ground,Rock,4,115,140,130,55,55,40
465,Tangrowth,Grass,,4,100,100,125,110,50,50
466,Electivire,Electric,,4,75,123,67,95,85,95
467,Magmortar,Fire,,4,75,95,67,125,95,83
468,Togekiss,Fairy,Flying,4,85,50,95,120,115,80
469,Yanmega,Bug,Flying,4,86,76,86,116,56,95
470,Leafeon,Grass,,4,65,110,130,60,65,95
471,Glaceon,Ice,,4,65,60,110,130,95,65
472,Gliscor,Ground,Flying,4,75,95,125,45,75,95
473,Mamoswine,Ice,Ground,4,110,130,80,70,60,80
474,Porygon-Z,Normal,,4,85,80,70,135,75,90
475,Gallade,Psychic,Fighting,4,68,125,65,65,115,80
476,Probopass,Rock,Steel,4,60,55,145,75,150,40
477,Dusknoir,Ghost,,4,45,100,135,65,135,45
478,Froslass,Ice,Ghost,3,70,80,70,80,70,110
480,Uxie,Psychic,,4,75,75,130,75,130,95
481,Mesprit,Psychic,,4,80,105,105,105,105,80
482,Azelf,Psychic,,4,75,125,70,125,70,115
483,Dialga,Steel,Dragon,5,100,120,120,150,100,90
484,Palkia,Water,Dragon,5,90,120,100,150,120,100
485,Heatran,Fire,Steel,5,91,90,106,130,106,77
486,Regigigas,Normal,,5,110,160,110,80,110,100
488,Cresselia,Psychic,,4,120,70,110,75,120,85
489,Phione,Water,,3,80,80,80,80,80,80
490,Manaphy,Water,,5,100,100,100,100,100,100
491,Darkrai,Dark,,5,70,90,90,135,90,125
493,Arceus,Normal,,5,120,120,120,120,120,120
494,Victini,Psychic,Fire,5,100,100,100,100,100,100
495,Snivy,Grass,,1,45,45,55,45,55,63
496,Servine,Grass,,2,60,60,75,60,75,83
497,Serperior,Grass,,4,75,75,95,75,95,113
498,Tepig,Fire,,1,65,63,45,45,45,45
499,Pignite,Fire,Fighting,2,90,93,55,70,55,55
500,Emboar,Fire,Fighting,4,110,123,65,100,65,65
501,Oshawott,Water,,1,55,55,45,63,45,45
502,Dewott,Water,,2,75,75,60,83,60,60
503,Samurott,Water,,4,95,100,85,108,70,70
504,Patrat,Normal,,1,45,55,39,35,39,42
505,Watchog,Normal,,2,60,85,69,60,69,77
506,Lillipup,Normal,,1,45,60,45,25,45,55
507,Herdier,Normal,,1,65,80,65,35,65,60
508,Stoutland,Normal,,4,85,110,90,45,90,80
509,Purrloin,Dark,,1,41,50,37,50,37,66
510,Liepard,Dark,,2,64,88,50,88,50,106
511,Pansage,Grass,,1,50,53,48,53,48,64
512,Simisage,Grass,,3,75,98,63,98,63,101
513,Pansear,Fire,,1,50,53,48,53,48,64
514,Simisear,Fire,,3,75,98,63,98,63,101
515,Panpour,Water,,1,50,53,48,53,48,64
516,Simipour,Water,,3,75,98,63,98,63,101
517,Munna,Psychic,,1,76,25,45,67,55,24
518,Musharna,Psychic,,3,116,55,85,107,95,29
519,Pidove,Normal,Flying,1,50,55,50,36,30,43
520,Tranquill,Normal,Flying,1,62,77,62,50,42,65
521,Unfezant,Normal,Flying,3,80,115,80,65,55,93
522,Blitzle,Electric,,1,45,60,32,50,32,76
523,Zebstrika,Electric,,3,75,100,63,80,63,116
524,Roggenrola,Rock,,1,55,75,85,25,25,15
525,Boldore,Rock,,1,70,105,105,50,40,20
526,Gigalith,Rock,,4,85,135,130,60,80,25
527,Woobat,Psychic,Flying,1,65,45,43,55,43,72
528,Swoobat,Psychic,Flying,2,67,57,55,77,55,114
529,Drilbur,Ground,,1,60,85,40,30,45,68
530,Excadrill,Ground,Steel,4,110,135,60,50,65,88
531,Audino,Normal,,2,103,60,86,60,86,50
532,Timburr,Fighting,,1,75,80,55,25,35,35
533,Gurdurr,Fighting,,2,85,105,85,40,50,40
534,Conkeldurr,Fighting,,4,105,140,95,55,65,45
535,Tympole,Water,,1,50,50,40,50,40,64
536,Palpitoad,Water,Ground,1,75,65,55,65,55,69
537,Seismitoad,Water,Ground,4,105,95,75,85,75,74
538,Throh,Fighting,,3,120,100,85,30,85,45
539,Sawk,Fighting,,3,75,125,75,30,75,85
540,Sewaddle,Bug,Grass,1,45,53,70,40,60,42
541,Swadloon,Bug,Grass,1,55,63,90,50,80,42
542,Leavanny,Bug,Grass,4,75,103,80,70,80,92
543,Venipede,Bug,Poison,1,30,45,59,30,39,57
544,Whirlipede,Bug,Poison,1,40,55,99,40,79,47
545,Scolipede,Bug,Poison,3,60,100,89,55,69,112
546,Cottonee,Grass,Fairy,1,40,27,60,37,50,66
547,Whimsicott,Grass,Fairy,3,60,67,85,77,75,116
548,Petilil,Grass,,1,45,35,50,70,50,30
549,Lilligant,Grass,,3,70,60,75,110,75,90
551,Sandile,Ground,Dark,1,50,72,35,35,35,65
552,Krokorok,Ground,Dark,1,60,82,45,45,45,74
553,Krookodile,Ground,Dark,4,95,117,80,65,70,92
554,Darumaka,Fire,,1,70,90,45,15,45,50
556,Maractus,Grass,,3,75,86,67,106,67,60
557,Dwebble,Bug,Rock,1,50,65,85,35,35,55
558,Crustle,Bug,Rock,3,70,105,125,65,75,45
559,Scraggy,Dark,Fighting,1,50,75,70,35,70,48
560,Scrafty,Dark,Fighting,3,65,90,115,45,115,58
561,Sigilyph,Psychic,Flying,3,72,58,80,103,80,97
562,Yamask,Ghost,,1,38,30,85,55,65,30
563,Cofagrigus,Ghost,,3,58,50,145,95,105,30
564,Tirtouga,Water,Rock,1,54,78,103,53,45,22
565,Carracosta,Water,Rock,3,74,108,133,83,65,32
566,Archen,Rock,Flying,2,55,112,45,74,45,70
567,Archeops,Rock,Flying,4,75,140,65,112,65,110
568,Trubbish,Poison,,1,50,50,62,40,62,65
569,Garbodor,Poison,,3,80,95,82,60,82,75
570,Zorua,Dark,,1,40,65,40,80,40,65
571,Zoroark,Dark,,4,60,105,60,120,60,105
572,Minccino,Normal,,1,55,50,40,40,40,75
573,Cinccino,Normal,,3,75,95,60,65,60,115
574,Gothita,Psychic,,1,45,30,50,55,65,45
575,Gothorita,Psychic,,1,60,45,70,75,85,55
576,Gothitelle,Psychic,,3,70,55,95,95,110,65
577,Solosis,Psychic,,1,45,30,40,105,50,20
578,Duosion,Psychic,,1,65,40,50,125,60,30
579,Reuniclus,Psychic,,3,110,65,75,125,85,30
580,Ducklett,Water,Flying,1,62,44,50,44,50,55
581,Swanna,Water,Flying,3,75,87,63,87,63,98
582,Vanillite,Ice,,1,36,50,50,65,60,44
583,Vanillish,Ice,,1,51,65,65,80,75,59
584,Vanilluxe,Ice,,4,71,95,85,110,95,79
587,Emolga,Electric,Flying,2,55,75,60,75,60,103
588,Karrablast,Bug,,1,50,75,45,40,45,60
589,Escavalier,Bug,Steel,3,70,135,105,60,105,20
590,Foongus,Grass,Poison,1,69,55,45,55,55,15
591,Amoonguss,Grass,Poison,3,114,85,70,85,80,30
592,Frillish,Water,Ghost,1,55,40,50,65,85,40
593,Jellicent,Water,Ghost,3,100,60,70,85,105,60
594,Alomomola,Water,,3,165,75,80,40,45,65
595,Joltik,Bug,Electric,1,50,47,50,57,50,65
596,Galvantula,Bug,Electric,3,70,77,60,97,60,108
597,Ferroseed,Grass,Steel,1,44,50,91,24,86,10
598,Ferrothorn,Grass,Steel,3,74,94,131,54,116,20
599,Klink,Steel,,1,40,55,70,45,60,30
600,Klang,Steel,,2,60,80,95,70,85,50
601,Klinklang,Steel,,4,60,100,115,70,85,90
602,Tynamo,Electric,,1,35,55,40,45,40,60
603,Eelektrik,Electric,,2,65,85,70,75,70,40
604,Eelektross,Electric,,4,85,115,80,105,80,50
605,Elgyem,Psychic,,1,55,55,55,85,55,30
606,Beheeyem,Psychic,,3,75,75,75,125,95,40
607,Litwick,Ghost,Fire,1,50,30,55,65,55,20
608,Lampent,Ghost,Fire,1,60,40,60,95,60,55
609,Chandelure,Ghost,Fire,4,60,55,90,145,90,80
610,Axew,Dragon,,1,46,87,60,30,40,57
611,Fraxure,Dragon,,2,66,117,70,40,50,67
612,Haxorus,Dragon,,4,76,147,90,60,70,97
613,Cubchoo,Ice,,1,55,70,40,60,40,40
614,Beartic,Ice,,4,95,130,80,70,80,50
615,Cryogonal,Ice,,4,80,50,50,95,135,105
616,Shelmet,Bug,,1,50,40,85,40,65,25
617,Accelgor,Bug,,3,80,70,40,100,60,145
618,Stunfisk,Ground,Electric,3,109,66,84,81,99,32
619,Mienfoo,Fighting,,1,45,85,50,55,50,65
620,Mienshao,Fighting,,4,65,125,60,95,60,105
621,Druddigon,Dragon,,3,77,120,90,60,90,48
622,Golett,Ground,Ghost,1,59,74,50,35,50,35
623,Golurk,Ground,Ghost,3,89,124,80,55,80,55
624,Pawniard,Dark,Steel,1,45,85,70,40,40,60
625,Bisharp,Dark,Steel,3,65,125,100,60,70,70
626,Bouffalant,Normal,,3,95,110,95,40,95,55
627,Rufflet,Normal,Flying,1,70,83,50,37,50,60
628,Braviary,Normal,Flying,4,100,123,75,57,75,80
629,Vullaby,Dark,Flying,1,70,55,75,45,65,60
630,Mandibuzz,Dark,Flying,4,110,65,105,55,95,80
631,Heatmor,Fire,,3,85,97,66,105,66,65
632,Durant,Bug,Steel,3,58,109,112,48,48,109
633,Deino,Dark,Dragon,1,52,65,50,45,50,38
634,Zweilous,Dark,Dragon,2,72,85,70,65,70,58
635,Hydreigon,Dark,Dragon,5,92,105,90,125,90,98
636,Larvesta,Bug,Fire,1,55,85,55,50,55,60
637,Volcarona,Bug,Fire,4,85,60,65,135,105,100
638,Cobalion,Steel,Fighting,4,91,90,129,90,72,108
639,Terrakion,Rock,Fighting,4,91,129,90,72,90,108
640,Virizion,Grass,Fighting,4,91,90,72,90,129,108
643,Reshiram,Dragon,Fire,5,100,120,100,150,120,90
644,Zekrom,Dragon,Electric,5,100,150,120,120,100,90
650,Chespin,Grass,,1,56,61,65,48,45,38
651,Quilladin,Grass,,2,61,78,95,56,58,57
652,Chesnaught,Grass,Fighting,4,88,107,122,74,75,64
653,Fennekin,Fire,,1,40,45,40,62,60,60
654,Braixen,Fire,,2,59,59,58,90,70,73
655,Delphox,Fire,Psychic,4,75,69,72,114,100,104
656,Froakie,Water,,1,41,56,40,62,44,71
657,Frogadier,Water,,2,54,63,52,83,56,97
658,Greninja,Water,Dark,4,72,95,67,103,71,122
659,Bunnelby,Normal,,1,38,36,38,32,36,57
660,Diggersby,Normal,Ground,2,85,56,77,50,77,78
661,Fletchling,Normal,Flying,1,45,50,43,40,38,62
662,Fletchinder,Fire,Flying,1,62,73,55,56,52,84
663,Talonflame,Fire,Flying,3,78,81,71,74,69,126
664,Scatterbug,Bug,,1,38,35,40,27,25,35
665,Spewpa,Bug,,1,45,22,60,27,30,29
667,Litleo,Fire,Normal,1,62,50,58,73,54,72
668,Pyroar,Fire,Normal,4,86,68,72,109,66,106
672,Skiddo,Grass,,1,66,65,48,62,57,52
673,Gogoat,Grass,,4,123,100,62,97,81,68
674,Pancham,Fighting,,1,67,82,62,46,48,43
675,Pangoro,Fighting,Dark,3,95,124,78,69,71,58
677,Espurr,Psychic,,1,62,48,54,63,60,68
679,Honedge,Steel,Ghost,1,45,80,100,35,37,28
680,Doublade,Steel,Ghost,2,59,110,150,45,49,35
682,Spritzee,Fairy,,1,78,52,60,63,65,23
683,Aromatisse,Fairy,,3,101,72,72,99,89,29
684,Swirlix,Fairy,,1,62,48,66,59,57,49
685,Slurpuff,Fairy,,3,82,80,86,85,75,72
686,Inkay,Dark,Psychic,1,53,54,53,37,46,45
687,Malamar,Dark,Psychic,3,86,92,88,68,75,73
688,Binacle,Rock,Water,1,42,52,67,39,56,50
689,Barbaracle,Rock,Water,4,72,105,115,54,86,68
690,Skrelp,Poison,Water,1,50,60,60,60,60,30
691,Dragalge,Poison,Dragon,3,65,75,90,97,123,44
692,Clauncher,Water,,1,50,53,62,58,63,44
693,Clawitzer,Water,,4,71,73,88,120,89,59
694,Helioptile,Electric,Normal,1,44,38,33,61,43,70
695,Heliolisk,Electric,Normal,3,62,55,52,109,94,109
696,Tyrunt,Rock,Dragon,1,58,89,77,45,45,48
698,Amaura,Rock,Ice,1,77,59,50,67,63,46
699,Aurorus,Rock,Ice,4,123,77,72,99,92,58
700,Sylveon,Fairy,,4,95,65,65,110,130,60
701,Hawlucha,Fighting,Flying,4,78,92,75,74,63,118
702,Dedenne,Electric,Fairy,2,67,58,57,81,67,101
704,Goomy,Dragon,,1,45,50,35,55,75,40
705,Sliggoo,Dragon,,3,68,75,53,83,113,60
706,Goodra,Dragon,,5,90,100,70,110,150,80
707,Klefki,Steel,Fairy,3,57,80,91,80,87,75
714,Noibat,Flying,Dragon,1,40,30,35,45,40,55
715,Noivern,Flying,Dragon,4,85,70,80,97,80,123
716,Xerneas,Fairy,,5,126,131,95,131,98,99
717,Yveltal,Dark,Flying,5,126,131,95,131,98,99
718,Zygarde50% Forme,Dragon,Ground,5,108,100,121,81,95,95
808,Meltan,Steel,,1,46,65,65,55,35,34
809,Melmetal,Steel,,5,135,143,143,80,65,34
